id,first_name,last_name,email,gender,ip_address
1,Norine,Sheach,nsheach0@google.pl,Female,255.60.74.56
2,Terrie,Kirdsch,tkirdsch1@nba.com,Female,89.124.116.243
3,Kippy,O'Mullaney,komullaney2@constantcontact.com,Male,107.234.103.145
4,Klara,Icke,kicke3@usatoday.com,Female,10.165.199.160
5,Osborn,McIlroy,omcilroy4@vkontakte.ru,Male,53.114.18.97
6,Cayla,MacAnulty,cmacanulty5@google.co.jp,Female,224.104.93.103
7,Tito,Gilbertson,tgilbertson6@github.com,Male,233.178.67.90
8,Juan,Loxly,jloxly7@hhs.gov,Male,42.36.159.149
9,Roarke,Freyne,rfreyne8@alexa.com,Male,208.130.202.246
10,Hamnet,Wilprecht,hwilprecht9@zdnet.com,Male,132.252.101.44
11,Janine,Reddoch,jreddocha@netlog.com,Female,79.251.255.242
12,Staford,McIlhone,smcilhoneb@whitehouse.gov,Male,48.216.74.4
13,Matias,Twiname,mtwinamec@blogtalkradio.com,Male,198.1.181.162
14,Nita,Volke,nvolked@biglobe.ne.jp,Female,10.55.103.106
15,Tatiania,Braddock,tbraddocke@google.com.au,Female,147.234.9.22
16,Ilise,Mapes,imapesf@slashdot.org,Female,170.88.255.4
17,Hussein,Winton,hwintong@wordpress.org,Male,92.12.207.225
18,Nester,Tant,ntanth@photobucket.com,Male,153.200.165.153
19,Zelda,Markie,zmarkiei@arizona.edu,Female,142.71.215.242
20,Jinny,Purves,jpurvesj@chronoengine.com,Female,12.205.204.113
21,Georgetta,Hurst,ghurstk@myspace.com,Female,217.201.35.49
22,Darrelle,MacClinton,dmacclintonl@epa.gov,Female,208.8.203.120
23,Tracey,Youd,tyoudm@npr.org,Male,165.7.196.220
24,Lonna,Filyakov,lfilyakovn@facebook.com,Female,31.240.128.215
25,Dehlia,Tremlett,dtremletto@mlb.com,Female,213.254.5.165
26,Rriocard,Bartelli,rbartellip@eventbrite.com,Male,16.62.21.189
27,Isis,Counihan,icounihanq@exblog.jp,Female,157.244.236.160
28,Sianna,Benez,sbenezr@surveymonkey.com,Female,158.68.140.58
29,Roanna,McCloud,rmcclouds@house.gov,Female,87.242.16.135
30,Brenden,Lotherington,blotheringtont@clickbank.net,Male,144.13.225.42
31,Gram,Streather,gstreatheru@accuweather.com,Male,92.22.202.96
32,Gerhardt,Gleave,ggleavev@addtoany.com,Male,109.169.100.206
33,Roxanne,Schanke,rschankew@timesonline.co.uk,Female,52.153.162.224
34,Sarine,Newlove,snewlovex@seattletimes.com,Female,32.63.47.0
35,Antoni,Bock,abocky@xinhuanet.com,Male,218.56.73.170
36,Ruttger,Dencs,rdencsz@ox.ac.uk,Male,189.55.107.165
37,Georas,Jerson,gjerson10@sakura.ne.jp,Male,26.48.179.234
38,Ivan,Alliston,ialliston11@phpbb.com,Male,28.120.143.76
39,Aldous,Conring,aconring12@house.gov,Male,137.252.219.174
40,Penny,Nutty,pnutty13@discovery.com,Male,37.188.168.20
41,Caitlin,Byers,cbyers14@usatoday.com,Female,228.60.142.174
42,Bartolemo,Diche,bdiche15@wufoo.com,Male,130.181.111.195
43,Jameson,Lias,jlias16@sphinn.com,Male,32.114.3.127
44,Osmund,Cawkwell,ocawkwell17@nbcnews.com,Male,86.77.9.158
45,Robers,Dorcey,rdorcey18@ezinearticles.com,Male,32.210.18.54
46,Chris,Kobes,ckobes19@unc.edu,Male,254.111.206.157
47,Inesita,Salthouse,isalthouse1a@blog.com,Female,7.101.11.131
48,Stinky,Baggett,sbaggett1b@wikia.com,Male,29.4.147.117
49,Drusie,Merigeau,dmerigeau1c@dion.ne.jp,Female,111.110.10.141
50,Stephenie,Westphal,swestphal1d@cdbaby.com,Female,63.35.126.9
51,Trudey,Abbot,tabbot1e@epa.gov,Female,198.249.36.196
52,Carie,Pinn,cpinn1f@mlb.com,Female,225.245.97.50
53,Chadwick,Kneath,ckneath1g@europa.eu,Male,72.229.220.198
54,Deane,O' Dooley,dodooley1h@skyrock.com,Female,249.88.50.36
55,Erl,Thames,ethames1i@alibaba.com,Male,161.87.29.77
56,Marjy,Jenkyn,mjenkyn1j@e-recht24.de,Female,85.202.107.38
57,Casper,Brobyn,cbrobyn1k@alibaba.com,Male,210.198.4.160
58,Callida,Potter,cpotter1l@earthlink.net,Female,9.7.162.168
59,Maurita,Spillett,mspillett1m@macromedia.com,Female,127.21.102.0
60,Steven,Braunton,sbraunton1n@facebook.com,Male,72.190.250.35
61,Alejoa,Cadd,acadd1o@sbwire.com,Male,169.239.252.60
62,Calv,Gwynne,cgwynne1p@discuz.net,Male,179.214.250.232
63,Harp,Zavittieri,hzavittieri1q@opensource.org,Male,37.139.223.118
64,Gunner,Collinge,gcollinge1r@phoca.cz,Male,37.194.112.119
65,Torrence,Oakeshott,toakeshott1s@ocn.ne.jp,Male,87.122.186.38
66,Patrice,Escalera,pescalera1t@edublogs.org,Female,165.53.12.222
67,Aile,Canero,acanero1u@foxnews.com,Female,118.122.14.221
68,Maighdiln,Gaisford,mgaisford1v@studiopress.com,Female,96.47.159.188
69,Sara-ann,Zettler,szettler1w@jalbum.net,Female,167.180.22.40
70,Miquela,Basford,mbasford1x@friendfeed.com,Female,41.80.8.142
71,Salem,Haselden,shaselden1y@dropbox.com,Male,102.28.37.199
72,Coral,Petherick,cpetherick1z@cmu.edu,Female,60.12.180.214
73,Harriet,Dantesia,hdantesia20@infoseek.co.jp,Female,188.143.239.58
74,Lucien,Landeg,llandeg21@google.co.uk,Male,183.36.31.58
75,Jareb,Alesin,jalesin22@dropbox.com,Male,175.150.91.211
76,Dorise,Stable,dstable23@cisco.com,Female,93.48.106.96
77,Etan,Conigsby,econigsby24@exblog.jp,Male,3.142.21.190
78,Natalie,Claasen,nclaasen25@amazon.de,Female,64.72.104.133
79,Toby,McDuffie,tmcduffie26@purevolume.com,Female,149.178.160.55
80,Siouxie,Dockerty,sdockerty27@bing.com,Female,10.48.115.4
81,Midge,Inger,minger28@list-manage.com,Female,77.13.71.79
82,Dulcea,Melmeth,dmelmeth29@spiegel.de,Female,221.4.16.91
83,Moritz,Beecroft,mbeecroft2a@infoseek.co.jp,Male,186.73.81.62
84,Torrey,Drugan,tdrugan2b@patch.com,Male,103.79.186.0
85,Umeko,McMearty,umcmearty2c@alibaba.com,Female,4.159.17.163
86,Caryl,Jerosch,cjerosch2d@naver.com,Male,181.229.234.159
87,Willow,Aglione,waglione2e@flavors.me,Female,23.148.31.77
88,Fifine,Tarzey,ftarzey2f@com.com,Female,153.132.7.239
89,Elsworth,Glen,eglen2g@princeton.edu,Male,41.207.180.97
90,Elisabetta,Seifert,eseifert2h@fc2.com,Female,162.51.214.11
91,Anthea,Sprey,asprey2i@comsenz.com,Female,39.103.44.215
92,Lynea,Suttaby,lsuttaby2j@nifty.com,Female,10.54.33.27
93,Averill,Antognoni,aantognoni2k@usgs.gov,Male,55.49.52.76
94,Ruthe,Earwicker,rearwicker2l@typepad.com,Female,90.130.245.46
95,Goober,Cogley,gcogley2m@g.co,Male,55.94.184.192
96,Herculie,Matthius,hmatthius2n@freewebs.com,Male,61.181.68.189
97,Lorelei,Carleman,lcarleman2o@bing.com,Female,157.191.224.124
98,Candice,Rigts,crigts2p@myspace.com,Female,48.175.20.78
99,Ossie,Dorrance,odorrance2q@cornell.edu,Male,250.204.77.74
100,Colver,Baldam,cbaldam2r@springer.com,Male,122.3.18.253
101,Mathew,Fishpoole,mfishpoole2s@reuters.com,Male,204.12.168.31
102,Lacy,Wainman,lwainman2t@mozilla.com,Female,175.221.142.28
103,Ansell,Lorens,alorens2u@imageshack.us,Male,73.13.238.196
104,Osbourn,Semrad,osemrad2v@imgur.com,Male,126.233.62.35
105,Penn,Paunsford,ppaunsford2w@php.net,Male,218.128.86.145
106,Whitman,O'Dwyer,wodwyer2x@ameblo.jp,Male,132.10.101.11
107,Desmund,Fedorski,dfedorski2y@cnn.com,Male,55.154.133.170
108,Tymothy,Deyenhardt,tdeyenhardt2z@timesonline.co.uk,Male,39.127.18.203
109,Jacques,Klimentyev,jklimentyev30@ovh.net,Male,20.150.103.102
110,Pam,Braznell,pbraznell31@pinterest.com,Female,28.211.125.25
111,Eddy,Yedall,eyedall32@slate.com,Male,128.251.79.74
112,Ira,Butts,ibutts33@apache.org,Male,144.3.214.178
113,Lorin,Winwright,lwinwright34@amazon.de,Male,243.31.108.254
114,Janos,Perrygo,jperrygo35@mayoclinic.com,Male,7.140.155.216
115,Vaughn,Fancet,vfancet36@jigsy.com,Male,29.84.91.111
116,Bethena,Eggle,beggle37@google.com.au,Female,242.47.120.240
117,Base,Littefair,blittefair38@booking.com,Male,236.1.0.208
118,Ewen,Cordey,ecordey39@unesco.org,Male,222.241.242.27
119,Reagen,Brasier,rbrasier3a@gravatar.com,Male,198.130.211.24
120,Dalis,Penylton,dpenylton3b@sbwire.com,Male,28.222.221.189
121,Gale,Poad,gpoad3c@jimdo.com,Male,27.245.93.58
122,Corbie,Tainton,ctainton3d@un.org,Male,224.92.153.191
123,Myca,O'Hare,mohare3e@sina.com.cn,Male,255.50.166.38
124,Melita,Fawkes,mfawkes3f@disqus.com,Female,141.44.148.103
125,Katrina,Crowley,kcrowley3g@google.nl,Female,90.17.166.169
126,Jennee,Bryce,jbryce3h@usatoday.com,Female,5.220.76.59
127,Bank,Cheverell,bcheverell3i@europa.eu,Male,150.231.118.247
128,Clim,Fieldgate,cfieldgate3j@wikispaces.com,Male,121.101.52.66
129,Bobby,Lenz,blenz3k@behance.net,Female,106.96.133.89
130,Nathan,Faires,nfaires3l@archive.org,Male,10.105.117.115
131,Hazel,MacRannell,hmacrannell3m@slideshare.net,Male,0.232.204.223
132,Wainwright,Brazener,wbrazener3n@berkeley.edu,Male,59.163.165.114
133,Frants,Salomon,fsalomon3o@odnoklassniki.ru,Male,10.160.230.209
134,Henrik,Blade,hblade3p@reuters.com,Male,68.3.102.218
135,Nichole,Minett,nminett3q@dedecms.com,Male,103.180.175.45
136,Hanni,Flecknell,hflecknell3r@craigslist.org,Female,156.14.98.94
137,Almira,Bennetto,abennetto3s@mashable.com,Female,83.118.255.30
138,Ransell,Ide,ride3t@techcrunch.com,Male,232.28.115.119
139,Nancee,Simioni,nsimioni3u@cisco.com,Female,255.50.221.84
140,Filippa,Noor,fnoor3v@seattletimes.com,Female,28.202.183.87
141,Joni,Anand,janand3w@cdc.gov,Female,238.151.167.76
142,Napoleon,Burberye,nburberye3x@163.com,Male,120.57.187.141
143,Papageno,Freyn,pfreyn3y@issuu.com,Male,127.145.199.161
144,Gifford,Whistance,gwhistance3z@army.mil,Male,35.41.181.235
145,Maxy,Sawfoot,msawfoot40@hugedomains.com,Male,150.56.45.160
146,Wally,Eastridge,weastridge41@exblog.jp,Female,68.24.59.184
147,Isadore,Hartas,ihartas42@google.co.uk,Male,65.168.173.153
148,Lilas,Haller,lhaller43@google.nl,Female,124.184.51.44
149,Rudie,Dorricott,rdorricott44@google.pl,Male,196.169.71.173
150,Ansel,Reyburn,areyburn45@cargocollective.com,Male,200.240.50.31
151,Emelen,Sharer,esharer46@cisco.com,Male,200.136.103.250
152,Valenka,Killelay,vkillelay47@pagesperso-orange.fr,Female,164.133.52.98
153,Jeffrey,Ransfield,jransfield48@typepad.com,Male,183.145.80.142
154,Connie,Earingey,cearingey49@tiny.cc,Female,216.243.243.234
155,Barbee,Camis,bcamis4a@tinypic.com,Female,191.155.100.168
156,Kamillah,Stoffel,kstoffel4b@walmart.com,Female,220.88.233.192
157,Marshall,Simonson,msimonson4c@mit.edu,Male,149.246.121.59
158,Malchy,Agent,magent4d@bravesites.com,Male,61.20.201.194
159,Jaime,Mutch,jmutch4e@blogtalkradio.com,Male,198.74.46.81
160,Kylynn,O'Hartnett,kohartnett4f@psu.edu,Female,147.155.38.85
161,Timothy,Kienzle,tkienzle4g@tinypic.com,Male,141.211.8.198
162,Yehudi,Sey,ysey4h@tiny.cc,Male,60.249.140.85
163,Timmy,Laurie,tlaurie4i@timesonline.co.uk,Female,211.125.227.254
164,Lesly,Bagnold,lbagnold4j@eepurl.com,Female,8.180.40.133
165,Karlotta,Brakewell,kbrakewell4k@businesswire.com,Female,106.207.89.123
166,Daisie,Rodliff,drodliff4l@aboutads.info,Female,169.72.35.135
167,Aimee,Pedlar,apedlar4m@paypal.com,Female,238.82.142.54
168,Sawyere,O'Sullivan,sosullivan4n@ocn.ne.jp,Male,228.197.143.163
169,Nissie,Helling,nhelling4o@sfgate.com,Female,30.18.117.113
170,Tye,Shipperbottom,tshipperbottom4p@amazonaws.com,Male,92.177.253.171
171,Cindee,Dulwitch,cdulwitch4q@nsw.gov.au,Female,185.206.235.147
172,Rona,Scane,rscane4r@nasa.gov,Female,252.68.249.222
173,Perle,Dorney,pdorney4s@ifeng.com,Female,48.38.103.250
174,Hastie,Mc Dermid,hmcdermid4t@shutterfly.com,Male,3.1.230.229
175,Gill,Kondrat,gkondrat4u@google.it,Male,181.10.182.212
176,Adaline,Herculson,aherculson4v@yellowpages.com,Female,172.179.198.165
177,Nick,Stain,nstain4w@guardian.co.uk,Male,139.53.45.151
178,Eustace,Eddleston,eeddleston4x@imageshack.us,Male,65.254.3.164
179,Tedman,Fricker,tfricker4y@mit.edu,Male,47.21.56.234
180,Lena,Duggon,lduggon4z@omniture.com,Female,54.90.194.53
181,Fielding,Ivanchenkov,fivanchenkov50@liveinternet.ru,Male,74.205.135.169
182,Sibilla,Driffield,sdriffield51@opera.com,Female,58.157.97.43
183,Shoshanna,Gudgion,sgudgion52@de.vu,Female,112.112.178.201
184,Edin,Schonfeld,eschonfeld53@hhs.gov,Female,126.109.127.89
185,Halley,Woolveridge,hwoolveridge54@guardian.co.uk,Female,10.218.130.41
186,Benito,Hayton,bhayton55@unesco.org,Male,172.136.100.80
187,Rosalinda,Paoloni,rpaoloni56@bloglovin.com,Female,10.151.253.135
188,Renaud,Pregel,rpregel57@answers.com,Male,227.77.61.187
189,Dru,Bromby,dbromby58@army.mil,Female,184.201.50.166
190,Conn,Goodson,cgoodson59@delicious.com,Male,243.249.55.138
191,Reeta,Cabble,rcabble5a@nature.com,Female,27.5.5.100
192,Ozzie,Asp,oasp5b@tumblr.com,Male,96.199.65.153
193,Jill,Bentke,jbentke5c@flavors.me,Female,166.238.198.71
194,Brennan,Ambrosini,bambrosini5d@apache.org,Male,220.78.106.77
195,Mitzi,Durand,mdurand5e@whitehouse.gov,Female,27.6.206.227
196,Gannon,Simonich,gsimonich5f@jugem.jp,Male,154.74.87.200
197,Alex,Nutbeem,anutbeem5g@sciencedirect.com,Male,17.251.0.114
198,Kania,Puckring,kpuckring5h@ca.gov,Female,247.198.246.43
199,Morissa,Crawshaw,mcrawshaw5i@dedecms.com,Female,6.118.5.96
200,Ginger,Vennard,gvennard5j@about.me,Male,105.116.28.40
201,Balduin,Nolder,bnolder5k@macromedia.com,Male,152.83.89.191
202,Asia,McGinnis,amcginnis5l@example.com,Female,206.195.209.44
203,Philomena,Peinke,ppeinke5m@mit.edu,Female,39.132.89.223
204,Maridel,Ellesworth,mellesworth5n@cdc.gov,Female,221.147.207.141
205,Dacie,Crockett,dcrockett5o@mysql.com,Female,96.171.147.178
206,Merrile,Keenlayside,mkeenlayside5p@webs.com,Female,32.249.40.66
207,Dorothea,Read,dread5q@studiopress.com,Female,13.124.107.9
208,Clayborn,Matityahu,cmatityahu5r@google.co.jp,Male,240.57.100.250
209,Albertine,Jenman,ajenman5s@ifeng.com,Female,130.68.30.176
210,Barri,Teather,bteather5t@themeforest.net,Male,255.225.221.142
211,Aymer,Attenborrow,aattenborrow5u@altervista.org,Male,180.104.152.67
212,Mae,Roja,mroja5v@goo.gl,Female,32.26.119.198
213,Brigit,Chavey,bchavey5w@google.fr,Female,53.142.78.175
214,Giffer,Fitch,gfitch5x@mashable.com,Male,156.121.170.251
215,Silvester,Labb,slabb5y@mozilla.org,Male,106.216.101.57
216,Vernen,Lias,vlias5z@sakura.ne.jp,Male,22.210.241.107
217,Cloris,Crock,ccrock60@icio.us,Female,37.171.201.150
218,Sloan,Dring,sdring61@guardian.co.uk,Male,21.250.14.119
219,Shay,Beathem,sbeathem62@behance.net,Male,123.205.62.218
220,Kerby,Starkey,kstarkey63@posterous.com,Male,155.146.45.97
221,Cullie,Garron,cgarron64@blog.com,Male,49.56.163.207
222,Gaspar,Brane,gbrane65@netscape.com,Male,237.226.165.153
223,Cher,Herion,cherion66@abc.net.au,Female,105.21.224.64
224,Dorree,Fiorentino,dfiorentino67@ft.com,Female,125.84.241.60
225,Tybalt,Hadaway,thadaway68@squarespace.com,Male,94.228.199.201
226,Gaby,Mungin,gmungin69@dropbox.com,Male,40.211.117.177
227,Jedediah,Greenstreet,jgreenstreet6a@reference.com,Male,186.110.176.169
228,Allin,Frushard,afrushard6b@pinterest.com,Male,163.210.14.58
229,Jorge,Jaycox,jjaycox6c@de.vu,Male,173.28.111.138
230,Cass,Tourmell,ctourmell6d@infoseek.co.jp,Male,139.72.194.101
231,Rosabelle,Hoggins,rhoggins6e@aboutads.info,Female,12.251.145.196
232,Archibaldo,Gatehouse,agatehouse6f@webnode.com,Male,175.220.164.227
233,Rayna,Struss,rstruss6g@netvibes.com,Female,172.217.67.52
234,Avictor,Kondratenko,akondratenko6h@geocities.jp,Male,10.232.154.149
235,Iggie,Spires,ispires6i@fda.gov,Male,232.134.113.74
236,Tommy,MacCahee,tmaccahee6j@cyberchimps.com,Female,235.36.224.241
237,Conrade,Hazzard,chazzard6k@jimdo.com,Male,237.20.63.43
238,Violetta,Ciubutaro,vciubutaro6l@cbslocal.com,Female,123.181.244.39
239,Lamond,Buzine,lbuzine6m@mac.com,Male,221.119.169.137
240,Wolfgang,Condon,wcondon6n@thetimes.co.uk,Male,38.177.77.12
241,Egor,Suffe,esuffe6o@pen.io,Male,31.25.124.9
242,Natalya,Culshaw,nculshaw6p@weebly.com,Female,74.115.165.164
243,Elston,Steutly,esteutly6q@hp.com,Male,159.104.207.169
244,Guntar,Marousek,gmarousek6r@google.com.br,Male,181.203.254.45
245,Ada,Rosekilly,arosekilly6s@bloomberg.com,Female,189.217.193.97
246,Roberta,Corkitt,rcorkitt6t@twitpic.com,Female,145.142.94.45
247,Orsola,Serridge,oserridge6u@comcast.net,Female,72.85.53.145
248,Vanya,Darleston,vdarleston6v@goo.gl,Female,210.227.19.158
249,Emylee,Spensly,espensly6w@ezinearticles.com,Female,194.218.173.167
250,Deborah,De Stoop,ddestoop6x@booking.com,Female,70.186.69.193
251,Orville,Cranna,ocranna6y@wix.com,Male,0.224.102.9
252,Nanni,Braams,nbraams6z@ustream.tv,Female,197.210.231.20
253,Norma,Thiolier,nthiolier70@earthlink.net,Female,237.101.44.75
254,Ursula,Boldock,uboldock71@oaic.gov.au,Female,103.231.172.247
255,Brion,Scrymgeour,bscrymgeour72@nbcnews.com,Male,20.198.131.155
256,Arther,Lovel,alovel73@delicious.com,Male,61.80.167.109
257,Cobb,Anear,canear74@uol.com.br,Male,27.66.125.111
258,Tobie,Laurenz,tlaurenz75@umich.edu,Male,173.173.171.116
259,Clarissa,Blackshaw,cblackshaw76@surveymonkey.com,Female,9.144.13.30
260,Frannie,Kenney,fkenney77@soup.io,Female,88.210.66.248
261,Kaspar,Dunridge,kdunridge78@facebook.com,Male,203.199.183.215
262,Janos,Cominello,jcominello79@bluehost.com,Male,75.224.139.201
263,Rianon,Szepe,rszepe7a@redcross.org,Female,200.134.188.199
264,Avril,Thoresby,athoresby7b@live.com,Female,183.175.17.158
265,Zarah,Hrishchenko,zhrishchenko7c@forbes.com,Female,118.38.189.157
266,Beryl,Heading,bheading7d@epa.gov,Female,30.96.74.149
267,Jamesy,Stenning,jstenning7e@indiatimes.com,Male,126.54.166.200
268,Jena,Woffenden,jwoffenden7f@indiegogo.com,Female,105.60.173.208
269,Gwyn,Pollicott,gpollicott7g@clickbank.net,Female,172.85.139.96
270,Charlotte,Speeding,cspeeding7h@eepurl.com,Female,144.215.253.13
271,Constantin,Marnane,cmarnane7i@google.cn,Male,225.246.252.247
272,Kelcie,Covely,kcovely7j@cargocollective.com,Female,47.216.191.173
273,Dugald,Bracegirdle,dbracegirdle7k@narod.ru,Male,124.44.248.116
274,Zebedee,Dodsworth,zdodsworth7l@lycos.com,Male,176.179.78.175
275,Douglass,Sneyd,dsneyd7m@networkadvertising.org,Male,11.11.147.153
276,Jackson,Bullon,jbullon7n@pagesperso-orange.fr,Male,158.200.28.160
277,Geri,Colvie,gcolvie7o@whitehouse.gov,Female,105.159.230.55
278,Alfonso,Hurt,ahurt7p@mashable.com,Male,130.244.64.254
279,Normy,Ellul,nellul7q@dmoz.org,Male,16.35.28.5
280,Jehu,Leavold,jleavold7r@nhs.uk,Male,138.240.62.206
281,Ab,Dimbleby,adimbleby7s@creativecommons.org,Male,244.205.109.67
282,Chelsea,Byrd,cbyrd7t@cyberchimps.com,Female,235.7.109.57
283,Penelope,Dampney,pdampney7u@prnewswire.com,Female,197.79.45.82
284,Mike,Goulder,mgoulder7v@hugedomains.com,Male,184.247.56.158
285,Doug,Brookshaw,dbrookshaw7w@dailymotion.com,Male,235.100.90.111
286,Rosanna,Maun,rmaun7x@nbcnews.com,Female,10.155.211.171
287,Shellie,Franckton,sfranckton7y@hp.com,Female,96.72.34.201
288,Jard,Blofeld,jblofeld7z@tinyurl.com,Male,70.245.91.77
289,Grenville,Rushby,grushby80@ft.com,Male,79.13.110.160
290,Binni,Malletratt,bmalletratt81@macromedia.com,Female,48.218.185.107
291,Taddeo,Magog,tmagog82@sourceforge.net,Male,125.109.50.10
292,Iorgo,Vlasenko,ivlasenko83@bandcamp.com,Male,65.72.222.72
293,Darcey,Gaskin,dgaskin84@yolasite.com,Female,159.161.91.244
294,Montgomery,Leith,mleith85@mayoclinic.com,Male,215.241.245.172
295,Finley,Prime,fprime86@mapy.cz,Male,205.47.63.169
296,Trumaine,Gagin,tgagin87@ft.com,Male,126.18.1.112
297,Sheppard,Korneluk,skorneluk88@fotki.com,Male,172.148.252.179
298,Linnie,Ahren,lahren89@dailymail.co.uk,Female,233.104.74.63
299,Tybi,Tinton,ttinton8a@about.me,Female,144.109.14.8
300,Gardie,Ellacombe,gellacombe8b@nih.gov,Male,207.237.97.76
301,Nathanial,Friel,nfriel8c@hugedomains.com,Male,110.177.135.224
302,Osborne,Balstone,obalstone8d@guardian.co.uk,Male,125.120.94.29
303,Claire,McOrkill,cmcorkill8e@nytimes.com,Male,206.145.216.42
304,Siegfried,Beers,sbeers8f@miibeian.gov.cn,Male,143.156.7.149
305,Darb,Lilian,dlilian8g@who.int,Male,66.163.28.213
306,Carolynn,Barenski,cbarenski8h@umich.edu,Female,31.146.80.7
307,Angelika,Dorian,adorian8i@bluehost.com,Female,81.123.124.23
308,Franny,Badrock,fbadrock8j@sciencedaily.com,Male,203.54.59.28
309,Conney,Tinan,ctinan8k@xinhuanet.com,Male,226.97.101.32
310,Sophi,Briers,sbriers8l@jalbum.net,Female,254.212.101.145
311,Roseline,Cowill,rcowill8m@unblog.fr,Female,42.58.137.110
312,Virgil,Kesterton,vkesterton8n@infoseek.co.jp,Male,52.204.60.171
313,Claiborne,Severn,csevern8o@craigslist.org,Male,51.149.225.53
314,Cilka,Calcutt,ccalcutt8p@geocities.com,Female,27.32.221.119
315,Barbabas,Guiet,bguiet8q@aboutads.info,Male,134.72.97.230
316,Ragnar,Sharma,rsharma8r@seesaa.net,Male,108.74.82.117
317,Brock,O'Hanley,bohanley8s@cnet.com,Male,33.251.47.164
318,Trula,Minchi,tminchi8t@purevolume.com,Female,174.114.171.137
319,Yank,Vaggers,yvaggers8u@wp.com,Male,154.165.38.220
320,Susann,Swaffield,sswaffield8v@wufoo.com,Female,26.192.73.250
321,Sander,Gow,sgow8w@usda.gov,Male,110.0.164.232
322,Rubin,Stable,rstable8x@mediafire.com,Male,196.103.91.235
323,Anne-corinne,Duffan,aduffan8y@va.gov,Female,59.208.205.47
324,Adan,Vedenyakin,avedenyakin8z@omniture.com,Male,254.24.230.185
325,Mendy,Chishull,mchishull90@sourceforge.net,Male,184.39.101.0
326,Easter,Toomey,etoomey91@weather.com,Female,82.38.163.248
327,Arnoldo,Agney,aagney92@buzzfeed.com,Male,54.254.224.69
328,Rufus,Skarin,rskarin93@360.cn,Male,93.11.23.134
329,Gardner,Grattage,ggrattage94@arizona.edu,Male,228.117.208.136
330,Casar,Wardale,cwardale95@paginegialle.it,Male,115.133.107.71
331,Abbie,Ashley,aashley96@etsy.com,Female,20.191.216.21
332,Alanah,Antonov,aantonov97@ibm.com,Female,237.103.147.27
333,Fleming,Feenan,ffeenan98@tuttocitta.it,Male,54.89.172.169
334,Gayle,Stather,gstather99@ucoz.com,Female,77.46.226.154
335,Bordy,Gerty,bgerty9a@weibo.com,Male,239.69.47.151
336,Jazmin,Brimham,jbrimham9b@goo.gl,Female,129.189.155.176
337,Abagael,Mattheus,amattheus9c@dropbox.com,Female,231.161.196.57
338,Curtice,Ruddoch,cruddoch9d@homestead.com,Male,133.223.196.17
339,Gaspard,Campo,gcampo9e@zimbio.com,Male,78.11.222.192
340,Julian,Bellefonte,jbellefonte9f@privacy.gov.au,Male,178.132.14.133
341,Rozanna,Brugmann,rbrugmann9g@blog.com,Female,58.68.32.244
342,Mureil,Dorney,mdorney9h@ameblo.jp,Female,150.170.174.149
343,Raine,Callander,rcallander9i@skyrock.com,Female,48.28.247.82
344,Britteny,Matashkin,bmatashkin9j@stumbleupon.com,Female,110.141.161.35
345,Valida,Crocken,vcrocken9k@earthlink.net,Female,41.89.218.69
346,Hamid,Northover,hnorthover9l@java.com,Male,246.246.198.124
347,Jonas,Tellenbrook,jtellenbrook9m@google.pl,Male,104.197.87.62
348,Brennen,Leadbeater,bleadbeater9n@irs.gov,Male,48.127.87.98
349,Winona,Tompsett,wtompsett9o@bloglines.com,Female,82.157.211.217
350,Urban,Millis,umillis9p@jigsy.com,Male,176.51.177.222
351,Albie,Eastgate,aeastgate9q@mapquest.com,Male,201.175.155.126
352,Clementine,Darnody,cdarnody9r@oaic.gov.au,Female,87.151.186.224
353,Nadine,Prestedge,nprestedge9s@ebay.com,Female,100.117.139.241
354,Atlante,Lydster,alydster9t@pen.io,Female,184.99.220.12
355,Ulises,Chamberlin,uchamberlin9u@over-blog.com,Male,125.237.186.3
356,Kennett,Wayt,kwayt9v@moonfruit.com,Male,136.57.108.107
357,Kerr,Prate,kprate9w@ox.ac.uk,Male,114.67.237.156
358,Franklyn,Brydell,fbrydell9x@princeton.edu,Male,90.234.150.47
359,Daryle,Belcher,dbelcher9y@patch.com,Male,98.96.34.205
360,Rustie,Kilfoyle,rkilfoyle9z@cloudflare.com,Male,19.118.69.170
361,Steve,Thing,sthinga0@ow.ly,Male,108.143.112.1
362,Pepillo,Zannolli,pzannollia1@alexa.com,Male,153.84.130.125
363,Reggy,Steely,rsteelya2@g.co,Male,242.216.34.12
364,Sergent,Bellhouse,sbellhousea3@naver.com,Male,207.28.148.186
365,Donall,Pegler,dpeglera4@diigo.com,Male,117.197.64.63
366,Munmro,Jaher,mjahera5@prweb.com,Male,142.12.95.82
367,Arne,Serridge,aserridgea6@squarespace.com,Male,92.248.207.197
368,Maisie,Engel,mengela7@google.com.br,Female,54.78.124.182
369,Orlando,Sarfass,osarfassa8@usgs.gov,Male,174.243.87.120
370,Francesca,Faulconbridge,ffaulconbridgea9@elpais.com,Female,149.41.227.67
371,Letitia,Witheford,lwithefordaa@last.fm,Female,233.73.141.186
372,Thom,Brose,tbroseab@geocities.com,Male,84.149.253.66
373,Dasie,Van Zon,dvanzonac@blogtalkradio.com,Female,64.27.86.209
374,Waldemar,Bolger,wbolgerad@mapquest.com,Male,34.175.202.179
375,Chrissy,Westhead,cwestheadae@paginegialle.it,Male,49.95.180.78
376,Row,Arington,raringtonaf@cbc.ca,Female,193.250.130.197
377,Hervey,Sings,hsingsag@soundcloud.com,Male,183.8.207.117
378,Deirdre,Freda,dfredaah@ovh.net,Female,7.212.103.47
379,Nat,Basire,nbasireai@exblog.jp,Male,226.138.232.200
380,Sophi,Blazic,sblazicaj@fotki.com,Female,147.96.188.102
381,Peter,Handling,phandlingak@discuz.net,Male,135.128.41.28
382,Freddy,Spours,fspoursal@indiegogo.com,Male,234.190.245.131
383,Tawnya,Benns,tbennsam@stumbleupon.com,Female,69.221.68.185
384,Annalee,Jozsef,ajozsefan@sina.com.cn,Female,155.68.56.92
385,Domeniga,Winchcomb,dwinchcombao@amazon.co.uk,Female,90.11.99.161
386,Theadora,O'Daly,todalyap@51.la,Female,68.144.95.246
387,Fulvia,Deble,fdebleaq@wordpress.org,Female,255.82.128.236
388,Henriette,Patrone,hpatronear@webnode.com,Female,150.43.133.15
389,Dolly,Faier,dfaieras@phpbb.com,Female,172.157.85.49
390,Lanny,Trowill,ltrowillat@boston.com,Male,142.222.112.98
391,Catlin,Vales,cvalesau@goo.ne.jp,Female,253.31.230.69
392,Delmer,Clinning,dclinningav@domainmarket.com,Male,247.235.129.66
393,Everard,Bedbury,ebedburyaw@icq.com,Male,55.166.42.61
394,Arlette,Croxton,acroxtonax@yahoo.co.jp,Female,136.51.215.28
395,Chandal,Palay,cpalayay@cdc.gov,Female,185.253.169.196
396,Thane,Duckhouse,tduckhouseaz@youtu.be,Male,17.169.8.51
397,Alikee,Thurborn,athurbornb0@noaa.gov,Female,85.254.25.98
398,Ursa,Danilewicz,udanilewiczb1@example.com,Female,18.137.111.8
399,Jen,Smorthwaite,jsmorthwaiteb2@sohu.com,Female,166.28.93.109
400,Allyson,Eadington,aeadingtonb3@nps.gov,Female,86.47.66.254
401,Kiele,Beyer,kbeyerb4@symantec.com,Female,18.246.100.154
402,Kiel,Lannon,klannonb5@e-recht24.de,Male,120.74.246.181
403,Martino,Devita,mdevitab6@networksolutions.com,Male,188.56.252.141
404,Gertrud,Kentwell,gkentwellb7@ocn.ne.jp,Female,28.89.182.60
405,Brandise,Norfolk,bnorfolkb8@t-online.de,Female,13.250.62.90
406,Meggie,Legat,mlegatb9@webnode.com,Female,209.177.48.138
407,Ajay,Cawkwell,acawkwellba@omniture.com,Female,193.58.9.147
408,Edith,Hardaway,ehardawaybb@harvard.edu,Female,21.10.242.166
409,Magnum,Burgoin,mburgoinbc@cpanel.net,Male,102.134.75.43
410,Ermanno,Vazquez,evazquezbd@narod.ru,Male,26.129.213.92
411,Frasquito,Beden,fbedenbe@umn.edu,Male,61.228.183.147
412,Nettie,Richold,nricholdbf@geocities.com,Female,49.109.143.160
413,Koressa,McBeath,kmcbeathbg@redcross.org,Female,205.109.55.126
414,Netty,Garn,ngarnbh@latimes.com,Female,152.81.239.183
415,Monti,Askew,maskewbi@youtu.be,Male,41.244.93.35
416,Marcello,Mazonowicz,mmazonowiczbj@ebay.com,Male,247.110.79.125
417,Timmie,Willars,twillarsbk@reverbnation.com,Female,233.51.195.103
418,Brok,Arnholdt,barnholdtbl@mashable.com,Male,241.22.11.199
419,Walker,Stebbings,wstebbingsbm@google.co.jp,Male,66.65.65.35
420,Fraze,Elden,feldenbn@facebook.com,Male,3.186.233.144
421,Jandy,Muldrew,jmuldrewbo@deliciousdays.com,Female,157.41.231.129
422,Gradeigh,Summersett,gsummersettbp@biblegateway.com,Male,107.58.217.245
423,Duff,Dabrowski,ddabrowskibq@twitpic.com,Male,225.52.127.114
424,Bari,Woolham,bwoolhambr@blogspot.com,Female,116.181.174.243
425,Bartolomeo,Cartmill,bcartmillbs@parallels.com,Male,147.188.115.202
426,Del,Goldstein,dgoldsteinbt@blog.com,Male,116.153.62.169
427,Klarrisa,Worrell,kworrellbu@ucla.edu,Female,42.121.93.62
428,Trstram,Trimble,ttrimblebv@4shared.com,Male,184.24.220.194
429,Evita,Mew,emewbw@fotki.com,Female,85.108.90.122
430,Brinn,Sexty,bsextybx@bluehost.com,Female,49.1.97.189
431,Dicky,Causby,dcausbyby@surveymonkey.com,Male,16.72.124.196
432,Bonny,Couthard,bcouthardbz@upenn.edu,Female,240.92.21.148
433,Bear,Huxster,bhuxsterc0@constantcontact.com,Male,193.157.10.116
434,Stanly,Bolus,sbolusc1@uiuc.edu,Male,55.89.167.172
435,Errick,Kibble,ekibblec2@google.ru,Male,39.249.160.252
436,Ellsworth,Husher,ehusherc3@gravatar.com,Male,136.192.237.201
437,Ashely,Weighell,aweighellc4@tripod.com,Female,56.99.195.71
438,Ulrikaumeko,Barosch,ubaroschc5@hibu.com,Female,152.42.41.139
439,Skylar,Keelin,skeelinc6@rambler.ru,Male,203.234.149.199
440,Herschel,Angelini,hangelinic7@friendfeed.com,Male,181.25.95.139
441,Meir,Fender,mfenderc8@bandcamp.com,Male,27.144.235.135
442,Kristel,Whorton,kwhortonc9@nationalgeographic.com,Female,54.94.48.165
443,Minda,Simeoli,msimeolica@t-online.de,Female,124.24.35.170
444,Ethan,Hindrich,ehindrichcb@amazonaws.com,Male,77.161.86.85
445,Sybille,Pessel,spesselcc@deviantart.com,Female,12.227.38.23
446,Gerome,Cheak,gcheakcd@ted.com,Male,120.246.235.152
447,King,Abethell,kabethellce@slideshare.net,Male,217.252.52.169
448,Linn,Reddington,lreddingtoncf@51.la,Male,51.23.240.57
449,Joseph,Carl,jcarlcg@skyrock.com,Male,18.246.163.28
450,Berky,Starton,bstartonch@unc.edu,Male,79.141.28.150
451,Sandy,Rainbird,srainbirdci@wufoo.com,Female,6.146.78.51
452,Shela,McGlaughn,smcglaughncj@friendfeed.com,Female,82.197.236.231
453,Timmie,Guillond,tguillondck@hc360.com,Male,153.55.213.90
454,Lefty,Antham,lanthamcl@dot.gov,Male,72.152.61.40
455,Norrie,Noury,nnourycm@howstuffworks.com,Male,53.91.213.189
456,Kassandra,Berndtssen,kberndtssencn@geocities.com,Female,81.142.55.6
457,Gav,Patley,gpatleyco@wufoo.com,Male,170.27.42.127
458,Garrard,Memory,gmemorycp@slashdot.org,Male,103.236.8.51
459,David,Shurrock,dshurrockcq@goo.gl,Male,150.158.107.166
460,Silvester,Blewmen,sblewmencr@instagram.com,Male,190.152.141.139
461,Avie,Langfitt,alangfittcs@cafepress.com,Female,200.64.238.193
462,Alix,Bilt,abiltct@nyu.edu,Female,66.213.221.14
463,Adrianne,Swithenby,aswithenbycu@mlb.com,Female,147.196.24.155
464,Theobald,Ribou,triboucv@reddit.com,Male,245.24.137.148
465,Darcee,Cholmondeley,dcholmondeleycw@oracle.com,Female,158.54.68.22
466,Corry,Mosedall,cmosedallcx@rediff.com,Female,30.239.110.167
467,Ag,Saben,asabency@google.com.hk,Female,78.252.17.107
468,Grace,Millimoe,gmillimoecz@npr.org,Male,254.107.78.38
469,Ted,Upex,tupexd0@typepad.com,Female,173.7.198.43
470,Gradey,Innwood,ginnwoodd1@sphinn.com,Male,142.249.167.138
471,Elenore,Mc-Kerley,emckerleyd2@oracle.com,Female,95.165.206.29
472,Terra,Maddaford,tmaddafordd3@nyu.edu,Female,28.72.39.188
473,Trisha,Wixon,twixond4@storify.com,Female,88.248.111.34
474,Cristy,Reitenbach,creitenbachd5@qq.com,Female,66.55.228.41
475,Dionis,Kelby,dkelbyd6@etsy.com,Female,73.125.90.247
476,Gilburt,Matijasevic,gmatijasevicd7@sphinn.com,Male,27.110.173.5
477,Bing,Hartropp,bhartroppd8@sbwire.com,Male,80.6.12.21
478,Esma,Francino,efrancinod9@businessweek.com,Female,153.113.22.130
479,Justis,Ceaser,jceaserda@oracle.com,Male,199.196.3.207
480,Gracie,Lottrington,glottringtondb@nationalgeographic.com,Female,33.144.76.186
481,Jillana,Ninotti,jninottidc@theatlantic.com,Female,142.210.252.182
482,Kylynn,Darlasson,kdarlassondd@yelp.com,Female,239.243.231.145
483,Rycca,Burnep,rburnepde@cbc.ca,Female,27.201.40.21
484,Beck,Scholard,bscholarddf@plala.or.jp,Male,105.244.253.133
485,Padraic,Isworth,pisworthdg@hibu.com,Male,76.181.43.100
486,Floris,Muir,fmuirdh@google.ca,Female,31.37.129.196
487,Thea,Deville,tdevilledi@skype.com,Female,122.2.119.222
488,Lalo,Fullerton,lfullertondj@sohu.com,Male,14.59.211.29
489,Alison,Easterfield,aeasterfielddk@blogs.com,Female,229.183.79.210
490,Margery,Sheivels,msheivelsdl@comcast.net,Female,247.243.97.4
491,Vevay,Caldow,vcaldowdm@github.com,Female,191.237.80.156
492,Mirabel,Robichon,mrobichondn@admin.ch,Female,131.255.222.66
493,Melony,Lammertz,mlammertzdo@nasa.gov,Female,117.146.93.144
494,Jonah,Buckland,jbucklanddp@free.fr,Male,207.243.246.169
495,Claretta,Toynbee,ctoynbeedq@feedburner.com,Female,33.115.80.186
496,Isadore,Dibley,idibleydr@yahoo.com,Male,76.212.170.155
497,Alden,Roote,arooteds@microsoft.com,Male,124.84.36.222
498,Artur,Gowdridge,agowdridgedt@wsj.com,Male,15.20.61.0
499,Frederic,Hendriksen,fhendriksendu@wikia.com,Male,28.60.130.25
500,Christan,Atmore,catmoredv@symantec.com,Female,183.104.78.71
501,Cherianne,Shewery,cshewerydw@noaa.gov,Female,29.113.131.253
502,Caryl,Mc Menamin,cmcmenamindx@woothemes.com,Male,65.252.23.120
503,Peter,Perford,pperforddy@behance.net,Male,5.121.134.67
504,Adora,Sutworth,asutworthdz@google.nl,Female,172.233.90.119
505,Stavro,Marde,smardee0@oakley.com,Male,205.188.77.65
506,Magnum,De Vries,mdevriese1@xinhuanet.com,Male,136.110.204.1
507,Nikoletta,McCoughan,nmccoughane2@meetup.com,Female,62.120.119.200
508,Gerianne,Tullot,gtullote3@earthlink.net,Female,65.55.200.31
509,Adolph,Greenrde,agreenrdee4@wunderground.com,Male,25.236.231.215
510,Christophe,Kroin,ckroine5@prlog.org,Male,227.177.11.37
511,Reba,Greystock,rgreystocke6@boston.com,Female,182.116.225.203
512,Ricoriki,Bortoluzzi,rbortoluzzie7@ow.ly,Male,123.248.8.74
513,Cornelius,Dan,cdane8@about.me,Male,7.2.36.176
514,Marven,Hansie,mhansiee9@simplemachines.org,Male,186.112.110.15
515,Renelle,Placide,rplacideea@nhs.uk,Female,133.156.236.39
516,Rhodie,Peschet,rpescheteb@cnbc.com,Female,154.80.116.77
517,Hobard,Cheesworth,hcheesworthec@360.cn,Male,222.51.242.74
518,Callie,Sant,csanted@canalblog.com,Female,161.73.133.144
519,Lloyd,Ewbanke,lewbankeee@nifty.com,Male,174.249.227.138
520,Cecilia,Viel,cvielef@prnewswire.com,Female,214.154.102.50
521,Laurent,Tustin,ltustineg@wikia.com,Male,235.25.191.248
522,Eyde,Strond,estrondeh@clickbank.net,Female,210.122.70.92
523,Abe,MacAlpin,amacalpinei@goodreads.com,Male,198.109.69.216
524,Amelie,Waleran,awaleranej@ebay.com,Female,54.46.88.179
525,Maurine,Ropert,mropertek@flavors.me,Female,71.150.249.26
526,Gaye,Spurrier,gspurrierel@de.vu,Female,146.246.124.121
527,Shelbi,Bulloch,sbullochem@utexas.edu,Female,148.191.157.230
528,Gauthier,Pascow,gpascowen@goo.ne.jp,Male,69.233.65.47
529,Madelina,Dodgshun,mdodgshuneo@biblegateway.com,Female,110.4.137.80
530,Cornell,Martinon,cmartinonep@mtv.com,Male,170.181.62.159
531,Marabel,Mander,mmandereq@amazon.co.uk,Female,147.165.178.197
532,Vite,Vasilyev,vvasilyever@myspace.com,Male,38.203.23.217
533,Timmi,Pavlov,tpavloves@biblegateway.com,Female,30.144.246.106
534,Meredith,Kemery,mkemeryet@engadget.com,Female,234.176.4.124
535,Marilee,Creek,mcreekeu@npr.org,Female,115.29.1.134
536,Cesaro,Bevans,cbevansev@accuweather.com,Male,206.61.64.48
537,Verine,Meharg,vmehargew@kickstarter.com,Female,206.180.169.85
538,Fitz,Mallinson,fmallinsonex@cdbaby.com,Male,8.2.52.237
539,Aeriel,Wheadon,awheadoney@ebay.com,Female,178.83.170.89
540,Janela,Eede,jeedeez@vimeo.com,Female,74.160.214.207
541,Linnet,Whitticks,lwhitticksf0@illinois.edu,Female,50.99.167.48
542,Cosetta,Giannassi,cgiannassif1@apache.org,Female,88.124.145.39
543,Melamie,Nannizzi,mnannizzif2@yahoo.com,Female,114.162.132.173
544,Terrie,Mairs,tmairsf3@1688.com,Female,180.251.170.0
545,Wildon,Adamowitz,wadamowitzf4@unblog.fr,Male,212.123.112.112
546,Harley,Havenhand,hhavenhandf5@pen.io,Male,240.84.237.74
547,Brooks,Grange,bgrangef6@ca.gov,Male,158.224.227.124
548,Bertha,Gurys,bgurysf7@smh.com.au,Female,62.148.88.149
549,Antons,Sweating,asweatingf8@myspace.com,Male,98.6.122.166
550,Johnathon,Doram,jdoramf9@dagondesign.com,Male,194.132.69.82
551,Rodolph,Pearce,rpearcefa@github.io,Male,187.116.154.37
552,Naoma,Petronis,npetronisfb@technorati.com,Female,45.26.108.229
553,Orv,Billiard,obilliardfc@indiatimes.com,Male,126.238.255.141
554,Onfre,Knotte,oknottefd@amazon.co.uk,Male,56.67.155.151
555,Halimeda,Handforth,hhandforthfe@biblegateway.com,Female,210.62.26.192
556,Pepi,Minocchi,pminocchiff@gov.uk,Female,69.81.4.222
557,Rinaldo,Silversmidt,rsilversmidtfg@zimbio.com,Male,73.171.127.107
558,Vinson,Chaston,vchastonfh@google.com.br,Male,0.160.254.183
559,Gabie,Aizikovitch,gaizikovitchfi@newsvine.com,Female,153.229.60.8
560,Hannie,Tripony,htriponyfj@dmoz.org,Female,164.251.43.204
561,Ollie,Strauss,ostraussfk@nymag.com,Male,82.178.75.26
562,Ruperta,Sloyan,rsloyanfl@xinhuanet.com,Female,66.98.176.103
563,Janelle,Ferrick,jferrickfm@baidu.com,Female,22.241.188.166
564,Chance,Eskrigge,ceskriggefn@huffingtonpost.com,Male,46.187.167.5
565,Alastair,Wolsey,awolseyfo@goo.gl,Male,197.132.166.42
566,Danell,O'Keeffe,dokeeffefp@canalblog.com,Female,210.115.35.34
567,Ardene,Gorhardt,agorhardtfq@who.int,Female,67.188.65.112
568,Inglis,Entwisle,ientwislefr@sourceforge.net,Male,169.67.108.191
569,Welch,Callow,wcallowfs@slashdot.org,Male,25.141.16.245
570,Tammi,Embling,temblingft@sohu.com,Female,38.177.106.32
571,Edan,Carnachen,ecarnachenfu@loc.gov,Male,149.220.255.109
572,Knox,Romanelli,kromanellifv@topsy.com,Male,37.171.78.58
573,Lexi,Hambly,lhamblyfw@tuttocitta.it,Female,121.63.142.44
574,Kaleena,Caiger,kcaigerfx@squarespace.com,Female,196.23.184.82
575,Cornela,Males,cmalesfy@usa.gov,Female,227.34.247.10
576,Beth,Bayne,bbaynefz@1688.com,Female,121.29.82.253
577,Carmelia,Holleworth,cholleworthg0@cisco.com,Female,213.78.138.72
578,Sheri,Van Der Walt,svanderwaltg1@deviantart.com,Female,25.165.183.146
579,Chadwick,Boatswain,cboatswaing2@bravesites.com,Male,204.12.121.57
580,Maud,Tanfield,mtanfieldg3@wiley.com,Female,169.39.98.239
581,Meir,Kerswill,mkerswillg4@gmpg.org,Male,38.86.126.190
582,Lucita,Ennals,lennalsg5@newyorker.com,Female,115.45.121.22
583,Madelaine,Belverstone,mbelverstoneg6@aol.com,Female,64.232.56.223
584,Etheline,Canning,ecanningg7@accuweather.com,Female,125.18.89.43
585,Roddy,McCalum,rmccalumg8@chron.com,Male,243.219.221.180
586,Aggi,Jane,ajaneg9@java.com,Female,224.70.244.11
587,Lian,Simukov,lsimukovga@smugmug.com,Female,232.21.171.138
588,Harli,Quye,hquyegb@patch.com,Female,229.157.125.219
589,Milton,Frankling,mfranklinggc@sciencedirect.com,Male,39.41.130.214
590,Suzy,Jarry,sjarrygd@ning.com,Female,123.230.78.101
591,Athene,Fairholm,afairholmge@hugedomains.com,Female,2.240.245.75
592,Maxine,Farenden,mfarendengf@oaic.gov.au,Female,56.118.233.69
593,Abbye,Binney,abinneygg@va.gov,Female,100.169.123.97
594,Kelly,Dachey,kdacheygh@google.ru,Male,161.132.224.85
595,Ive,Greenacre,igreenacregi@gnu.org,Male,31.197.196.148
596,Ofelia,Myhan,omyhangj@hhs.gov,Female,53.114.17.191
597,Mandel,Burdess,mburdessgk@thetimes.co.uk,Male,115.103.133.175
598,Felisha,Berni,fbernigl@shinystat.com,Female,1.105.192.169
599,Efrem,Deely,edeelygm@microsoft.com,Male,170.226.116.156
600,Wallis,Ragot,wragotgn@businesswire.com,Female,152.98.179.92
601,Kaye,Booley,kbooleygo@hubpages.com,Female,65.127.37.168
602,Nobe,Kelinge,nkelingegp@ucla.edu,Male,22.176.46.188
603,Leigh,Rawlcliffe,lrawlcliffegq@hc360.com,Male,31.136.135.176
604,Correy,McKinnell,cmckinnellgr@shareasale.com,Male,88.36.91.85
605,Darcee,Spridgen,dspridgengs@time.com,Female,157.137.4.128
606,Adriano,Jeanon,ajeanongt@archive.org,Male,129.248.254.182
607,Enos,Pardey,epardeygu@over-blog.com,Male,134.210.70.164
608,Ahmad,Mauro,amaurogv@pen.io,Male,101.26.52.183
609,Scottie,Cocks,scocksgw@ucoz.ru,Male,226.220.136.51
610,Emlen,Itzkovsky,eitzkovskygx@cmu.edu,Male,91.157.117.225
611,Diane-marie,McVittie,dmcvittiegy@japanpost.jp,Female,67.217.85.140
612,Delphinia,Bonder,dbondergz@so-net.ne.jp,Female,174.250.119.107
613,Bennie,Reford,brefordh0@g.co,Male,124.142.181.7
614,Janeva,Robelow,jrobelowh1@soup.io,Female,57.249.176.220
615,Kevon,Parr,kparrh2@youtu.be,Male,18.84.153.62
616,Graeme,Murrow,gmurrowh3@1und1.de,Male,157.194.34.200
617,Yolane,Feilden,yfeildenh4@ifeng.com,Female,196.50.129.246
618,Mirilla,Daughtrey,mdaughtreyh5@globo.com,Female,195.241.92.250
619,Immanuel,Jobbins,ijobbinsh6@indiegogo.com,Male,21.60.180.6
620,Emmit,Mundford,emundfordh7@amazonaws.com,Male,53.37.19.216
621,Collin,Aasaf,caasafh8@ezinearticles.com,Male,196.111.11.166
622,Pru,Phillcock,pphillcockh9@tinypic.com,Female,170.18.255.189
623,Trina,de Cullip,tdecullipha@va.gov,Female,215.97.223.208
624,Faith,Truscott,ftruscotthb@dell.com,Female,227.41.138.188
625,Mellicent,Rudderham,mrudderhamhc@dedecms.com,Female,136.228.49.59
626,Emmet,Sansum,esansumhd@uol.com.br,Male,127.226.107.56
627,Wes,Bault,wbaulthe@delicious.com,Male,156.14.172.76
628,Packston,Etuck,petuckhf@economist.com,Male,136.37.142.130
629,Hamel,Gilbey,hgilbeyhg@stanford.edu,Male,202.250.90.64
630,Mikol,Butland,mbutlandhh@soundcloud.com,Male,77.70.26.170
631,Gabriella,Tolwood,gtolwoodhi@unc.edu,Female,60.223.228.74
632,Cedric,Gransden,cgransdenhj@cdbaby.com,Male,21.57.42.61
633,Abeu,Stratiff,astratiffhk@biglobe.ne.jp,Male,156.189.244.137
634,Baily,Corking,bcorkinghl@bing.com,Male,166.187.35.73
635,Kizzie,Clayfield,kclayfieldhm@de.vu,Female,135.234.2.154
636,Sydney,Whiskerd,swhiskerdhn@wisc.edu,Male,239.202.189.124
637,Elisabetta,McKelvey,emckelveyho@com.com,Female,137.7.233.117
638,Molly,Sherebrook,msherebrookhp@eventbrite.com,Female,131.10.40.198
639,Drud,Todaro,dtodarohq@google.nl,Male,129.147.181.184
640,Aline,Maryska,amaryskahr@blinklist.com,Female,142.200.120.244
641,Rhea,Allsop,rallsophs@newyorker.com,Female,84.243.28.64
642,Luigi,Scown,lscownht@wufoo.com,Male,193.125.205.20
643,Fredericka,Screase,fscreasehu@amazon.co.jp,Female,93.54.90.195
644,Rafaelita,Patrickson,rpatricksonhv@cpanel.net,Female,96.116.102.137
645,Vidovic,Sprosson,vsprossonhw@mail.ru,Male,226.207.13.148
646,Shelley,Prosek,sprosekhx@pen.io,Male,107.158.75.225
647,Pail,Eingerfield,peingerfieldhy@wired.com,Male,119.150.42.55
648,Olenka,Sprade,ospradehz@ameblo.jp,Female,223.211.43.201
649,Gare,Burdis,gburdisi0@cocolog-nifty.com,Male,234.222.199.136
650,Pamela,Earie,peariei1@google.com,Female,246.158.136.246
651,Izabel,Matis,imatisi2@nytimes.com,Female,69.93.55.178
652,Marlyn,Le Houx,mlehouxi3@csmonitor.com,Female,72.137.122.226
653,Durante,Hendron,dhendroni4@geocities.jp,Male,102.122.184.246
654,Lorene,Norridge,lnorridgei5@gov.uk,Female,63.104.107.249
655,Letti,Riguard,lriguardi6@census.gov,Female,224.228.163.19
656,Jacquelin,Favelle,jfavellei7@google.com.hk,Female,122.253.231.189
657,Ernestus,Brayley,ebrayleyi8@prnewswire.com,Male,41.6.58.26
658,Yoshi,Mattessen,ymattesseni9@lycos.com,Female,45.183.0.93
659,Penn,Pawlaczyk,ppawlaczykia@npr.org,Male,247.248.196.67
660,Becca,MacDermid,bmacdermidib@webs.com,Female,122.135.168.239
661,Beitris,Musico,bmusicoic@admin.ch,Female,240.205.116.106
662,Kim,McCerery,kmccereryid@yellowbook.com,Male,173.159.249.69
663,Free,Rothermel,frothermelie@auda.org.au,Male,245.94.75.35
664,Courtnay,Shew,cshewif@ameblo.jp,Male,17.116.110.223
665,Gunner,Sheehan,gsheehanig@gov.uk,Male,36.11.61.229
666,Ashley,Schrir,aschririh@hhs.gov,Female,138.245.216.107
667,Rhea,Pescod,rpescodii@qq.com,Female,238.253.195.33
668,Othilie,Wellstood,owellstoodij@omniture.com,Female,165.142.127.199
669,Reade,Hounsom,rhounsomik@netlog.com,Male,9.223.226.214
670,Iver,Kinningley,ikinningleyil@tinypic.com,Male,86.137.58.163
671,Adriaens,Tison,atisonim@zdnet.com,Female,215.14.230.87
672,Regan,Wadeson,rwadesonin@quantcast.com,Male,112.243.213.158
673,Randy,Dalston,rdalstonio@ucla.edu,Male,128.222.237.229
674,Olivie,Scarr,oscarrip@china.com.cn,Female,158.13.243.82
675,Shaun,Minkin,sminkiniq@deliciousdays.com,Female,168.165.12.194
676,Elwyn,Bickardike,ebickardikeir@google.nl,Male,48.30.247.213
677,Mommy,Benoix,mbenoixis@nbcnews.com,Female,242.27.53.194
678,Rozalin,Tregenza,rtregenzait@liveinternet.ru,Female,107.95.200.42
679,Shawn,Liddel,sliddeliu@washingtonpost.com,Male,14.119.158.64
680,Tresa,Ancell,tancelliv@phpbb.com,Female,52.8.104.46
681,Cece,Teacy,cteacyiw@va.gov,Male,98.33.179.47
682,Biron,Gladding,bgladdingix@1und1.de,Male,20.144.53.190
683,Freddie,Dominichetti,fdominichettiiy@gov.uk,Male,74.125.187.134
684,Edsel,Mea,emeaiz@dailymail.co.uk,Male,135.76.72.48
685,Annora,Westcarr,awestcarrj0@rediff.com,Female,77.99.148.100
686,Antonie,Donalson,adonalsonj1@cafepress.com,Female,134.123.171.20
687,Reena,Staite,rstaitej2@soundcloud.com,Female,177.138.187.233
688,Vittoria,Coker,vcokerj3@godaddy.com,Female,180.43.218.9
689,Marinna,Dosdell,mdosdellj4@elpais.com,Female,51.16.27.118
690,Shara,Goodbanne,sgoodbannej5@weather.com,Female,93.113.193.180
691,Honoria,Filip,hfilipj6@japanpost.jp,Female,216.254.200.69
692,Rosco,Matovic,rmatovicj7@sciencedaily.com,Male,47.13.134.139
693,Sancho,Adhams,sadhamsj8@mtv.com,Male,157.235.163.66
694,Lammond,Matashkin,lmatashkinj9@sciencedirect.com,Male,59.255.86.89
695,Ruperta,Sicha,rsichaja@weibo.com,Female,60.120.99.179
696,Celina,Jacmard,cjacmardjb@dmoz.org,Female,240.129.159.53
697,Woodrow,Jakubowicz,wjakubowiczjc@cafepress.com,Male,224.42.93.150
698,Georgie,Doubrava,gdoubravajd@howstuffworks.com,Female,3.91.237.223
699,Dinny,Daughton,ddaughtonje@booking.com,Female,119.85.78.39
700,Aron,Giffen,agiffenjf@purevolume.com,Male,136.120.37.206
701,Holt,Taunton,htauntonjg@wunderground.com,Male,44.76.68.210
702,Adolphe,Benion,abenionjh@sitemeter.com,Male,191.87.197.84
703,Lorianna,Boribal,lboribalji@t-online.de,Female,14.227.113.111
704,Joscelin,Effemy,jeffemyjj@gizmodo.com,Female,214.57.217.157
705,Deny,Gledstane,dgledstanejk@dropbox.com,Female,71.41.235.156
706,Robinet,Sockell,rsockelljl@sitemeter.com,Male,157.114.45.176
707,Herta,Searjeant,hsearjeantjm@vk.com,Female,242.165.227.123
708,Leonhard,Cargill,lcargilljn@etsy.com,Male,120.186.126.225
709,Theodosia,Sirette,tsirettejo@yellowpages.com,Female,36.215.126.40
710,Fleurette,Gisbey,fgisbeyjp@miibeian.gov.cn,Female,127.67.43.232
711,Connie,Trelease,ctreleasejq@aol.com,Female,122.94.227.94
712,Kristoforo,Letcher,kletcherjr@mozilla.org,Male,66.120.167.109
713,Laird,Hancke,lhanckejs@nytimes.com,Male,22.156.72.5
714,Hobey,Matzl,hmatzljt@army.mil,Male,85.80.200.11
715,Kim,Alessandrelli,kalessandrelliju@qq.com,Male,161.101.93.90
716,Ailee,Marguerite,amargueritejv@mtv.com,Female,212.193.255.39
717,Iorgo,Lannin,ilanninjw@theguardian.com,Male,239.207.126.80
718,Franklyn,Ivantsov,fivantsovjx@mlb.com,Male,5.73.186.12
719,Joseph,Wiffen,jwiffenjy@etsy.com,Male,192.112.162.209
720,Corrianne,Olifaunt,colifauntjz@amazonaws.com,Female,136.82.21.6
721,Rudolph,Carefull,rcarefullk0@squarespace.com,Male,95.121.84.8
722,Archibold,Zouch,azouchk1@miibeian.gov.cn,Male,89.187.141.230
723,Gloria,Arnall,garnallk2@wikia.com,Female,93.139.218.109
724,Suellen,Humby,shumbyk3@slashdot.org,Female,203.150.122.254
725,Ansley,Large,alargek4@yale.edu,Female,203.186.175.171
726,Jeri,Mitchel,jmitchelk5@de.vu,Female,16.67.36.149
727,Henrieta,Spellward,hspellwardk6@technorati.com,Female,89.41.54.66
728,Kass,Melbert,kmelbertk7@google.ru,Female,69.246.151.241
729,Colin,Renwick,crenwickk8@blinklist.com,Male,31.70.119.135
730,Frederic,Roadnight,froadnightk9@goodreads.com,Male,173.184.251.20
731,Mathilde,Fellis,mfelliska@csmonitor.com,Female,127.16.234.156
732,Georgetta,Hargroves,ghargroveskb@phpbb.com,Female,36.113.230.149
733,Crista,Simonini,csimoninikc@nba.com,Female,22.89.197.139
734,Rufe,Zielinski,rzielinskikd@sogou.com,Male,157.76.236.180
735,Gwyn,Laingmaid,glaingmaidke@dedecms.com,Female,7.189.138.98
736,Hort,Gulliford,hgullifordkf@simplemachines.org,Male,228.131.142.248
737,Mitchael,Mudie,mmudiekg@telegraph.co.uk,Male,141.69.252.27
738,Stephani,Hardcastle,shardcastlekh@pcworld.com,Female,93.235.12.20
739,Elva,Wasielewski,ewasielewskiki@wordpress.com,Female,24.44.205.82
740,Feodora,Sottell,fsottellkj@delicious.com,Female,243.159.225.195
741,Abra,Beard,abeardkk@house.gov,Female,217.237.97.224
742,Keelby,Grumbridge,kgrumbridgekl@elpais.com,Male,59.16.36.44
743,Christopher,Bustard,cbustardkm@msn.com,Male,13.69.215.151
744,Freedman,Gerriessen,fgerriessenkn@engadget.com,Male,121.187.86.143
745,Claiborne,Olkowicz,colkowiczko@stumbleupon.com,Male,226.19.199.99
746,Kylen,Iacovazzi,kiacovazzikp@redcross.org,Female,123.148.172.105
747,Nicholas,Lutman,nlutmankq@pagesperso-orange.fr,Male,108.214.81.117
748,Lenna,Oakwell,loakwellkr@mapquest.com,Female,129.90.221.82
749,Goober,McTague,gmctagueks@amazon.de,Male,234.19.133.111
750,Katerina,MacCaughen,kmaccaughenkt@ox.ac.uk,Female,207.151.244.146
751,Lilias,Goodswen,lgoodswenku@mozilla.com,Female,14.58.235.168
752,Lezlie,Muddicliffe,lmuddicliffekv@constantcontact.com,Female,206.210.14.167
753,Noll,Poor,npoorkw@jiathis.com,Male,14.159.187.251
754,Di,Warbeys,dwarbeyskx@japanpost.jp,Female,125.19.136.233
755,Corabella,Northidge,cnorthidgeky@constantcontact.com,Female,194.19.180.80
756,Kat,Sheeran,ksheerankz@cnn.com,Female,68.127.2.75
757,Ashlen,Maunsell,amaunselll0@w3.org,Female,83.104.231.66
758,Maryjo,Prangle,mpranglel1@admin.ch,Female,236.46.84.167
759,Buck,Bullent,bbullentl2@huffingtonpost.com,Male,38.155.214.198
760,Immanuel,Stenbridge,istenbridgel3@devhub.com,Male,177.13.255.4
761,Candice,Dowson,cdowsonl4@dailymail.co.uk,Female,119.140.193.174
762,Estevan,Gheorghescu,egheorghescul5@netscape.com,Male,98.99.232.82
763,Pembroke,Morat,pmoratl6@bbc.co.uk,Male,81.119.88.5
764,Biron,Goady,bgoadyl7@google.pl,Male,226.76.115.81
765,Darrel,Cirlos,dcirlosl8@oaic.gov.au,Male,79.173.115.157
766,Rinaldo,Coker,rcokerl9@constantcontact.com,Male,118.99.191.244
767,Ailbert,Davidde,adaviddela@facebook.com,Male,19.19.61.191
768,Fransisco,Gerwood,fgerwoodlb@marketwatch.com,Male,201.24.111.177
769,Dalston,Antonovic,dantonoviclc@youtube.com,Male,25.73.112.39
770,Matt,Duckworth,mduckworthld@google.pl,Male,220.172.129.180
771,Neill,Ruffle,nrufflele@gmpg.org,Male,151.83.155.65
772,Jen,Wardhough,jwardhoughlf@netlog.com,Female,64.237.67.140
773,Merrill,Climance,mclimancelg@youku.com,Male,71.45.145.142
774,Lorettalorna,Forcer,lforcerlh@ning.com,Female,70.72.104.253
775,Harriet,Valasek,hvalasekli@desdev.cn,Female,17.140.178.1
776,Langsdon,Yglesia,lyglesialj@devhub.com,Male,44.8.30.190
777,Orville,Melville,omelvillelk@examiner.com,Male,175.207.89.116
778,Elfie,Lawlan,elawlanll@mozilla.org,Female,122.193.189.51
779,Josepha,Reddy,jreddylm@dailymotion.com,Female,72.67.107.131
780,Jeff,Jordison,jjordisonln@biglobe.ne.jp,Male,39.8.139.65
781,Herby,Tomasi,htomasilo@ibm.com,Male,182.38.183.123
782,Arin,Dikes,adikeslp@imageshack.us,Male,167.173.62.106
783,Oralia,Strute,ostrutelq@apache.org,Female,99.254.64.69
784,Drucill,Wornum,dwornumlr@huffingtonpost.com,Female,123.110.167.203
785,Dolly,Coppledike,dcoppledikels@noaa.gov,Female,195.170.195.207
786,Zackariah,Lazer,zlazerlt@cnn.com,Male,61.209.168.99
787,Paulie,Chilvers,pchilverslu@engadget.com,Male,187.242.173.194
788,Ive,Mavin,imavinlv@columbia.edu,Male,189.225.250.97
789,Marylee,Stegell,mstegelllw@vistaprint.com,Female,116.213.6.224
790,Jethro,Vuitte,jvuittelx@ehow.com,Male,91.178.173.52
791,Lisha,Counsell,lcounsellly@friendfeed.com,Female,254.43.236.35
792,Kincaid,Nuttall,knuttalllz@opera.com,Male,165.236.96.163
793,Casey,Corser,ccorserm0@nydailynews.com,Female,188.240.209.196
794,Karlyn,McAdam,kmcadamm1@jimdo.com,Female,205.26.169.10
795,Maureen,Gooden,mgoodenm2@dmoz.org,Female,140.123.6.175
796,Brnaba,Basnett,bbasnettm3@simplemachines.org,Male,163.251.230.15
797,Filmore,McGeouch,fmcgeouchm4@google.co.jp,Male,94.164.210.231
798,Roch,Brumen,rbrumenm5@earthlink.net,Female,221.16.109.230
799,Jarrad,Robke,jrobkem6@booking.com,Male,238.197.246.249
800,Jeannie,Melbourne,jmelbournem7@people.com.cn,Female,102.182.28.69
801,Hamid,Eveleigh,heveleighm8@indiatimes.com,Male,27.106.94.61
802,Johanna,Poznanski,jpoznanskim9@comsenz.com,Female,240.30.124.205
803,Smith,Mumbeson,smumbesonma@irs.gov,Male,10.151.165.71
804,Rip,Ceresa,rceresamb@geocities.jp,Male,217.248.243.42
805,Logan,Tidgewell,ltidgewellmc@people.com.cn,Male,85.119.70.145
806,Sybyl,Overal,soveralmd@squarespace.com,Female,48.214.109.254
807,Ephrem,Potkins,epotkinsme@aol.com,Male,242.193.154.228
808,Oliver,Angrave,oangravemf@blogs.com,Male,65.54.177.109
809,Chelsae,Knoller,cknollermg@dailymotion.com,Female,142.150.242.14
810,Menard,Depke,mdepkemh@usnews.com,Male,72.147.199.190
811,Tedd,Aldwich,taldwichmi@stumbleupon.com,Male,197.227.58.66
812,Jake,Whelan,jwhelanmj@prlog.org,Male,132.175.214.239
813,Barnebas,Imrie,bimriemk@techcrunch.com,Male,197.118.255.180
814,Jeannine,Sawter,jsawterml@hatena.ne.jp,Female,62.211.166.28
815,Dredi,Clapham,dclaphammm@hostgator.com,Female,245.14.35.252
816,Haywood,Senter,hsentermn@sakura.ne.jp,Male,159.8.22.26
817,Corbie,Simonnet,csimonnetmo@hexun.com,Male,162.58.184.52
818,Querida,Halpin,qhalpinmp@barnesandnoble.com,Female,147.88.202.122
819,Westley,Tuffin,wtuffinmq@washingtonpost.com,Male,93.92.136.159
820,Luisa,McGowran,lmcgowranmr@com.com,Female,56.166.201.2
821,Jesselyn,Blackesland,jblackeslandms@mediafire.com,Female,35.147.201.141
822,Osbourn,Snar,osnarmt@fda.gov,Male,178.162.213.45
823,Jenda,Giraux,jgirauxmu@e-recht24.de,Female,152.27.126.155
824,Devi,Linnitt,dlinnittmv@google.nl,Female,160.47.89.245
825,Atalanta,D'Agostini,adagostinimw@weibo.com,Female,79.77.220.195
826,Zollie,Korba,zkorbamx@scribd.com,Male,117.126.108.149
827,Mireille,Aitken,maitkenmy@4shared.com,Female,38.66.165.179
828,Lianne,Capron,lcapronmz@naver.com,Female,233.37.15.94
829,Mel,Dowtry,mdowtryn0@devhub.com,Female,82.132.243.144
830,Dione,Dillow,ddillown1@trellian.com,Female,169.242.45.190
831,Arv,Reubbens,areubbensn2@uiuc.edu,Male,61.171.235.118
832,Stavro,Breckon,sbreckonn3@godaddy.com,Male,164.55.4.209
833,Ulises,Feben,ufebenn4@discovery.com,Male,84.224.85.86
834,Mercedes,Eskell,meskelln5@gizmodo.com,Female,93.9.112.19
835,Bibbie,Quenell,bquenelln6@nsw.gov.au,Female,118.45.239.238
836,Ryan,Edmondson,redmondsonn7@tinyurl.com,Male,150.225.172.9
837,Dick,Wittering,dwitteringn8@buzzfeed.com,Male,98.153.228.144
838,Wolf,Peirce,wpeircen9@columbia.edu,Male,241.69.32.164
839,Fernando,Puller,fpullerna@stanford.edu,Male,197.247.246.79
840,Joly,Braywood,jbraywoodnb@google.cn,Female,125.149.192.11
841,Pancho,Kermode,pkermodenc@shinystat.com,Male,97.177.237.122
842,Karena,Schultheiss,kschultheissnd@google.pl,Female,20.215.111.192
843,Darn,Marquiss,dmarquissne@hp.com,Male,31.239.149.76
844,Arabele,Walaron,awalaronnf@live.com,Female,92.90.180.242
845,Birgit,Hawes,bhawesng@adobe.com,Female,131.181.137.232
846,Juditha,Brittles,jbrittlesnh@google.cn,Female,254.70.175.70
847,Robbie,Drewes,rdrewesni@yelp.com,Male,80.240.200.192
848,Marcelia,Thoresbie,mthoresbienj@yellowbook.com,Female,254.203.14.164
849,Vanni,Koppke,vkoppkenk@blogspot.com,Female,140.170.205.3
850,Humberto,Robiou,hrobiounl@ameblo.jp,Male,52.196.240.192
851,Bili,Masurel,bmasurelnm@joomla.org,Female,139.79.26.47
852,Myer,Toothill,mtoothillnn@squidoo.com,Male,72.105.225.100
853,Moses,MacElane,mmacelaneno@youtube.com,Male,171.247.173.122
854,Martica,Livett,mlivettnp@deviantart.com,Female,16.124.123.52
855,Fanni,Comley,fcomleynq@prnewswire.com,Female,237.77.145.137
856,Derrick,Lidgerton,dlidgertonnr@google.fr,Male,42.248.34.133
857,Cassie,Farnorth,cfarnorthns@businessinsider.com,Male,255.215.31.102
858,Leighton,Audas,laudasnt@soundcloud.com,Male,135.213.245.53
859,Alvis,Currington,acurringtonnu@europa.eu,Male,143.232.127.72
860,Nona,Cowper,ncowpernv@biblegateway.com,Female,166.223.38.111
861,Margareta,Kampshell,mkampshellnw@netvibes.com,Female,123.47.65.249
862,Spense,McEvon,smcevonnx@scribd.com,Male,67.227.152.77
863,Avivah,Segar,asegarny@ihg.com,Female,85.201.78.153
864,Hesther,Shirley,hshirleynz@arizona.edu,Female,139.245.163.208
865,Joana,Hannam,jhannamo0@etsy.com,Female,52.92.70.197
866,Benedetto,Frill,bfrillo1@shutterfly.com,Male,27.33.188.42
867,Evania,De Biasi,edebiasio2@google.com.hk,Female,189.6.76.44
868,Lizzy,Morphew,lmorphewo3@arizona.edu,Female,65.111.22.208
869,Valentijn,Blatchford,vblatchfordo4@blogger.com,Male,252.146.222.69
870,Che,Lomen,clomeno5@topsy.com,Male,80.47.53.138
871,Peadar,Mawby,pmawbyo6@rambler.ru,Male,93.161.200.42
872,Happy,Richter,hrichtero7@vistaprint.com,Female,54.125.154.173
873,Maryanne,Bridges,mbridgeso8@weather.com,Female,57.190.115.204
874,Fidelia,Ryde,frydeo9@jigsy.com,Female,170.253.155.49
875,Teodoor,Pounsett,tpounsettoa@rambler.ru,Male,152.111.177.223
876,Ardella,Caistor,acaistorob@cpanel.net,Female,51.161.66.133
877,Casar,McIlrath,cmcilrathoc@europa.eu,Male,244.12.115.156
878,Tatiania,Mossbee,tmossbeeod@paypal.com,Female,11.245.77.20
879,Paton,Cuerda,pcuerdaoe@slideshare.net,Male,144.93.124.0
880,Reinaldo,Late,rlateof@youtube.com,Male,88.9.99.169
881,Gwendolen,Hiscoe,ghiscoeog@cargocollective.com,Female,55.111.229.96
882,Hillyer,Ambler,hambleroh@omniture.com,Male,165.178.236.74
883,Anica,Ingray,aingrayoi@usda.gov,Female,148.129.240.121
884,Frieda,Sandercock,fsandercockoj@etsy.com,Female,143.154.210.155
885,Kiel,Swinden,kswindenok@yahoo.co.jp,Male,141.84.182.49
886,Jermayne,Daymont,jdaymontol@mlb.com,Male,232.151.206.173
887,Uri,Duff,uduffom@examiner.com,Male,109.80.238.210
888,Oran,Durrett,odurretton@theguardian.com,Male,59.12.200.72
889,Mil,Hand,mhandoo@meetup.com,Female,213.201.98.240
890,Bill,Domican,bdomicanop@seattletimes.com,Male,181.78.178.206
891,Lisabeth,Hulson,lhulsonoq@moonfruit.com,Female,239.53.230.137
892,Rocky,Pickvance,rpickvanceor@360.cn,Male,70.197.13.185
893,Elonore,Goodinson,egoodinsonos@google.nl,Female,205.90.59.89
894,Ynes,Aleksich,yaleksichot@elpais.com,Female,221.58.69.94
895,Karola,Towe,ktoweou@intel.com,Female,185.117.189.85
896,Nancy,St. Aubyn,nstaubynov@go.com,Female,171.181.145.179
897,Bobbye,Blucher,bblucherow@google.cn,Female,226.227.62.184
898,Weylin,Kilalea,wkilaleaox@youku.com,Male,18.200.225.183
899,Shepperd,Allison,sallisonoy@telegraph.co.uk,Male,53.234.252.186
900,Ayn,Frances,afrancesoz@ask.com,Female,122.215.208.207
901,Amelie,Brood,abroodp0@slideshare.net,Female,165.147.77.195
902,Risa,Du Hamel,rduhamelp1@uol.com.br,Female,92.214.165.63
903,Roseanna,Hallitt,rhallittp2@topsy.com,Female,150.192.12.199
904,Josi,MacGorman,jmacgormanp3@seesaa.net,Female,10.76.145.52
905,Julio,Parades,jparadesp4@dedecms.com,Male,111.182.93.186
906,Link,Alflat,lalflatp5@rediff.com,Male,199.2.202.54
907,Mersey,Haresign,mharesignp6@live.com,Female,132.12.248.120
908,Elinore,Blais,eblaisp7@list-manage.com,Female,49.174.119.180
909,Gwendolyn,Wassung,gwassungp8@friendfeed.com,Female,185.12.234.28
910,Wat,O'Brien,wobrienp9@jalbum.net,Male,253.121.120.167
911,Cami,Fruchter,cfruchterpa@mozilla.org,Female,76.106.123.97
912,Lanny,Lambrook,llambrookpb@topsy.com,Female,211.255.133.222
913,Danice,Grinaway,dgrinawaypc@wsj.com,Female,170.88.88.162
914,Felicio,Fairbridge,ffairbridgepd@mtv.com,Male,24.207.14.158
915,Ursa,Copins,ucopinspe@dedecms.com,Female,35.13.73.64
916,Huntley,Howsley,hhowsleypf@dailymotion.com,Male,203.143.58.96
917,Danny,Lathbury,dlathburypg@typepad.com,Female,252.71.28.98
918,Alphonso,Lamble,alambleph@lulu.com,Male,175.168.179.139
919,Whitaker,Poag,wpoagpi@clickbank.net,Male,205.185.239.184
920,Darrell,Facchini,dfacchinipj@loc.gov,Male,33.26.25.24
921,Michail,Cuskery,mcuskerypk@ucla.edu,Male,0.131.179.253
922,Edythe,Seatter,eseatterpl@va.gov,Female,12.46.251.249
923,Golda,Jouannot,gjouannotpm@yelp.com,Female,229.191.204.245
924,Chase,Jollands,cjollandspn@cbslocal.com,Male,211.217.190.251
925,Ermanno,McAughtrie,emcaughtriepo@sourceforge.net,Male,59.111.44.26
926,Way,Geydon,wgeydonpp@elegantthemes.com,Male,111.130.55.206
927,Gannon,Deave,gdeavepq@mit.edu,Male,195.115.167.188
928,Alva,Binnie,abinniepr@oakley.com,Male,211.13.97.26
929,Roland,Ondrousek,rondrousekps@unicef.org,Male,99.196.227.238
930,Anetta,Adel,aadelpt@vistaprint.com,Female,30.83.26.241
931,Orrin,Igoe,oigoepu@scribd.com,Male,174.60.141.184
932,Ollie,Headings,oheadingspv@sfgate.com,Female,89.237.248.230
933,Francyne,Ounsworth,founsworthpw@csmonitor.com,Female,36.198.105.204
934,Shirleen,Wearn,swearnpx@squidoo.com,Female,14.212.215.191
935,Ron,Crannach,rcrannachpy@ask.com,Male,93.213.226.201
936,Klara,McShee,kmcsheepz@people.com.cn,Female,218.57.45.83
937,Whitman,Diggle,wdiggleq0@multiply.com,Male,94.51.92.101
938,Parke,Barock,pbarockq1@cyberchimps.com,Male,253.175.173.99
939,Jed,Coviello,jcovielloq2@cafepress.com,Male,26.171.14.239
940,Florette,Sylett,fsylettq3@hatena.ne.jp,Female,67.203.159.110
941,Decca,Gottschalk,dgottschalkq4@ameblo.jp,Male,49.187.123.238
942,Atlante,Blaksley,ablaksleyq5@qq.com,Female,20.203.183.175
943,Terri,Grealish,tgrealishq6@google.co.uk,Female,82.116.82.25
944,Flossie,Stellman,fstellmanq7@upenn.edu,Female,64.221.150.66
945,Hillard,Hand,hhandq8@reverbnation.com,Male,72.55.214.111
946,Nicolea,Mellor,nmellorq9@craigslist.org,Female,83.88.39.58
947,Kerry,Tisor,ktisorqa@netlog.com,Male,112.101.186.251
948,Cissiee,Wilmington,cwilmingtonqb@hp.com,Female,132.136.112.245
949,Antoinette,Bowling,abowlingqc@huffingtonpost.com,Female,40.107.173.126
950,Elsinore,Tidey,etideyqd@phoca.cz,Female,89.137.191.171
951,Emmanuel,Reedick,ereedickqe@go.com,Male,241.67.99.151
952,Joellyn,Mongan,jmonganqf@squidoo.com,Female,101.187.201.165
953,Theodoric,Ricciardello,tricciardelloqg@indiatimes.com,Male,236.221.132.126
954,Jocelyne,Umbert,jumbertqh@domainmarket.com,Female,127.189.77.250
955,Nicolai,Scowen,nscowenqi@moonfruit.com,Male,122.57.164.164
956,Teena,Murfett,tmurfettqj@miitbeian.gov.cn,Female,88.153.68.154
957,Sarette,Biford,sbifordqk@hp.com,Female,107.111.98.71
958,Ralph,Verrier,rverrierql@discovery.com,Male,75.229.59.30
959,Loy,Laugheran,llaugheranqm@mashable.com,Male,82.126.146.35
960,Kiersten,Portam,kportamqn@ask.com,Female,105.10.2.90
961,Isidro,Kleyn,ikleynqo@topsy.com,Male,33.83.43.120
962,Virge,McNaughton,vmcnaughtonqp@pinterest.com,Male,248.164.161.48
963,Waring,Gulston,wgulstonqq@macromedia.com,Male,171.30.203.153
964,Harrison,Vanini,hvaniniqr@mit.edu,Male,48.223.116.35
965,Aleece,Bunston,abunstonqs@disqus.com,Female,50.243.37.7
966,Johnathan,Lake,jlakeqt@nydailynews.com,Male,161.26.69.168
967,Carmine,Helleckas,chelleckasqu@soundcloud.com,Female,73.236.213.115
968,Emera,Tomasz,etomaszqv@hatena.ne.jp,Female,237.142.172.22
969,Everett,Joliffe,ejoliffeqw@yahoo.com,Male,178.245.83.1
970,Alister,Lumox,alumoxqx@paypal.com,Male,231.34.169.232
971,Dur,Snassell,dsnassellqy@dell.com,Male,50.31.42.43
972,Zeb,McGarrahan,zmcgarrahanqz@shop-pro.jp,Male,237.31.186.252
973,Inger,Mosen,imosenr0@paginegialle.it,Male,213.242.237.254
974,Forrester,Antonov,fantonovr1@bbc.co.uk,Male,88.165.96.103
975,Albertina,Brakewell,abrakewellr2@blogtalkradio.com,Female,31.68.87.121
976,Elysha,Connelly,econnellyr3@ft.com,Female,210.49.149.140
977,Rubia,Ciardo,rciardor4@apple.com,Female,204.140.184.138
978,Yvor,McCallam,ymccallamr5@oracle.com,Male,138.66.63.19
979,Franchot,Odo,fodor6@netscape.com,Male,203.100.249.163
980,Elli,Cawley,ecawleyr7@shareasale.com,Female,111.191.190.129
981,Morie,Dusting,mdustingr8@jiathis.com,Male,208.12.103.131
982,Xena,Eite,xeiter9@elpais.com,Female,150.160.192.64
983,Kylie,Abella,kabellara@samsung.com,Male,135.35.95.120
984,Dix,Silkston,dsilkstonrb@booking.com,Female,157.200.112.194
985,Rory,Riglesford,rriglesfordrc@tripadvisor.com,Female,37.97.43.119
986,Liam,Saltrese,lsaltreserd@spotify.com,Male,5.92.224.23
987,Winnah,Hubeaux,whubeauxre@cam.ac.uk,Female,79.106.239.116
988,Laurette,Bandey,lbandeyrf@dedecms.com,Female,25.113.52.175
989,Yale,California,ycaliforniarg@tinyurl.com,Male,111.73.249.102
990,Leshia,Shoebotham,lshoebothamrh@51.la,Female,176.106.221.193
991,Brocky,Heyworth,bheyworthri@issuu.com,Male,74.228.139.253
992,Jerald,Hannibal,jhannibalrj@mapquest.com,Male,253.170.60.108
993,Dallon,Stadding,dstaddingrk@ox.ac.uk,Male,72.19.167.150
994,Celine,Bungey,cbungeyrl@fda.gov,Female,29.185.217.5
995,Hedda,MacKenzie,hmackenzierm@globo.com,Female,164.249.129.21
996,Anette,Ondrusek,aondrusekrn@jimdo.com,Female,173.65.40.98
997,Buckie,Collie,bcolliero@dot.gov,Male,123.210.32.9
998,Rikki,Douglas,rdouglasrp@angelfire.com,Male,209.116.30.153
999,Shea,Burden,sburdenrq@yale.edu,Male,7.206.49.97
1000,Falito,Greaves,fgreavesrr@prlog.org,Male,108.215.116.71
